customer_id,customer_name,customer_phone,customer_email
CUST_1501,Meredith Anderson,8483845169019,mackjoshua@example.net
CUST_1502,Latoya Johnson,3261615482084,robinchang@example.net
CUST_1503,Roberto Patterson,5405742863171,colejennifer@example.net
CUST_1504,Chloe Ramirez,4532010284865,twarren@example.com
CUST_1505,Ryan Atkins,abc123,mdouglas@example.org
CUST_1506,,2077302315281,erik63@example.com
CUST_1507,Robert Pope,8697586330491,eatonabigail@example.net
CUST_1508,Jill Wyatt,abc123,gharris@example.org
CUST_1509,Allen Adams,4992064910921,uvaughn@example.net
CUST_1510,Trevor James,6362920243985,
CUST_1511,Angela Gonzalez,1405919226084,donaldfloyd@example.com
CUST_1512,Danielle Singleton,1601035648642,valerie15@example.org
CUST_1513,Jonathon Crawford,5676317989176,jperez@example.com
CUST_1514,Robert Miller,8260807575504,jaclynhall@example.com
CUST_1515,Sara Juarez,9077077844187,thomas53@example.org
CUST_1516,,8800321637844,fellis@example.org
CUST_1517,Amanda Gardner,6892464950278,jenniferwilliams@example.com
CUST_1518,Jesus Kim,1694212164349,jonathan20@example.com
CUST_1519,Karla Cunningham,3449762909665,nmclaughlin@example.net
CUST_1520,,3276673364853,alopez@example.net
CUST_1521,Lisa Lopez,4764096145904,jenniferramirez@example.net
CUST_1522,Joe Gordon,abc123,tammy67@example.net
CUST_1523,James Johnson,abc123,kayla28@example.net
CUST_1524,Michelle Keller,3239032644502,
CUST_1525,David Cruz,7022686845977,shannon00@example.com
CUST_1526,Christopher Jensen,1423552918910,crystal88@example.net
CUST_1527,Gabriella Torres,4278307464013,shane35@example.org
CUST_1528,Paul Carlson,8293383590210,
CUST_1529,Debra Aguirre,7669243903976,
CUST_1530,Gabriel Nash,7454084171727,crystalmcfarland@example.com
CUST_1531,Sarah Torres,8523362454898,foxmark@example.org
CUST_1532,,9631653647077,wilkinsomar@example.com
CUST_1533,Bobby Robertson,4106089575093,kevinwarner@example.net
CUST_1534,Cindy Allen,6749528164645,chapmancassandra@example.net
CUST_1535,Maxwell Nguyen,3592334819742,jjones@example.net
CUST_1536,Michael Williams,0513209497612,
CUST_1537,Melissa Carter,abc123,wwilliams@example.com
CUST_1538,,4612648544925,gouldlinda@example.com
CUST_1539,Kimberly Buchanan,7554290479487,glennnorris@example.com
CUST_1540,Julie Jones,7773658323596,michelleharper@example.org
CUST_1541,Tonya Parker,3209791524293,michael35@example.org
CUST_1542,Lauren Smith,abc123,larry48@example.com
CUST_1543,Brett Robertson,8724683000029,brenda28@example.com
CUST_1544,Donna Turner,6336363385114,jennifer83@example.com
CUST_1545,Anita Harris,3791994846643,hnewton@example.net
CUST_1546,Heather Watson,abc123,
CUST_1547,Timothy Wright,0113538960049,imaldonado@example.com
CUST_1548,Reginald Owens,0495825183068,millerjustin@example.net
CUST_1549,Scott Brown,7340916767044,alexanderstanley@example.com
CUST_1550,Erin Dennis,2635366435456,hespinoza@example.org
CUST_1551,Megan Levine,4591846483255,garciadennis@example.com
CUST_1552,Larry Stein,4605700530178,brian88@example.org
CUST_1553,Julie Schneider,8969129024495,jbrowning@example.net
CUST_1554,Mark Morales,7690599999565,dean24@example.com
CUST_1555,Shawn Nguyen,4109186545397,michael14@example.org
CUST_1556,Adrienne Casey,6583865848984,wilsonjeffery@example.org
CUST_1557,Gary Smith,5605316838660,
CUST_1558,Courtney Thompson,9510295204430,yrivera@example.com
CUST_1559,Matthew Ward,2080292206361,gsanders@example.com
CUST_1560,Taylor Pratt,7335359448076,harperbetty@example.net
CUST_1561,Anne Smith,9499361738929,debra84@example.net
CUST_1562,Laura Manning,2096700254751,ubray@example.net
CUST_1563,,2810577382776,dgood@example.net
CUST_1564,Kimberly Werner,7605756136274,russellwhite@example.org
CUST_1565,David Collins,8925049842607,victoria91@example.org
CUST_1566,Taylor Warren,abc123,alyssa41@example.com
CUST_1567,Deanna Williams,0702750651427,
CUST_1568,Cheryl Duarte,abc123,gblair@example.com
CUST_1569,Regina Mitchell,6919507662150,mharris@example.org
CUST_1570,,6297577481777,adam69@example.net
CUST_1571,Robert Simmons,3607166870682,hansenkatherine@example.net
CUST_1572,Christian Herman,7877526697619,christinamiller@example.com
CUST_1573,William Miller,5643535125201,rojasrobert@example.com
CUST_1574,Jeremy Martinez DVM,5405515761542,william06@example.com
CUST_1575,Kevin Taylor DDS,7776435507950,ybean@example.net
CUST_1576,Leslie Berry,1123552409190,kathryngonzales@example.org
CUST_1577,Daniel Moss,5279465814021,bryan44@example.net
CUST_1578,Bradley Wallace,1988823010851,nathanprice@example.net
CUST_1579,Patrick Mcintosh,abc123,jesus61@example.org
CUST_1580,Leonard Turner,2746310036589,lisaschaefer@example.org
CUST_1581,Robert Cortez,6918647206397,ellisonbrandy@example.net
CUST_1582,Robert Medina,5805571616578,morganandrade@example.net
CUST_1583,Terri Clark,7426302986106,bradleyzachary@example.net
CUST_1584,Mason Sweeney,5284655783561,sara32@example.org
CUST_1585,Melissa Weaver,6876619775928,jessica29@example.net
CUST_1586,Lisa Nguyen,3412332325134,coxtimothy@example.com
CUST_1587,Jessica Black,8125824704629,
CUST_1588,Michael Johnson,8550987975943,
CUST_1589,Jonathan Hernandez,2809408605678,
CUST_1590,Krystal Thomas,1849429024389,bwilliams@example.net
CUST_1591,Willie Brown,abc123,ogonzales@example.com
CUST_1592,Richard Campbell,7828716946814,
CUST_1593,Rachel Avila,3954934059600,amyballard@example.net
CUST_1594,Jill Ward,6881381455663,alexandrafox@example.com
CUST_1595,Janet Whitehead,0808304793748,patriciaflores@example.net
CUST_1596,Cynthia Reyes,abc123,
CUST_1597,Timothy Wallace,2725217620765,vking@example.org
CUST_1598,Chelsea Perez,5177968142018,danielcallahan@example.com
CUST_1599,Joseph Gilmore,9053347004881,nicholas11@example.com
CUST_1600,Gabriel Harris,3478705674402,
CUST_1601,Christopher Smith,4037867454624,meyeradam@example.com
CUST_1602,James Martinez,1053286299386,smithmark@example.org
CUST_1603,,3097570711096,brianmoses@example.org
CUST_1604,Sharon Collier,8292241142886,
CUST_1605,Daniel Joseph,1277320624649,eric72@example.com
CUST_1606,Joel Peters,5908613293218,eelliott@example.com
CUST_1607,Christy Cuevas,5163984906381,yjohnson@example.net
CUST_1608,Ann White,3121686305155,jwood@example.org
CUST_1609,Michelle Reyes,0749751358717,thomas53@example.com
CUST_1610,Laura Ross,8966983567936,erictaylor@example.org
CUST_1611,Joe Clarke,7100921445375,denisezuniga@example.com
CUST_1612,David Bryan,2311950523207,
CUST_1613,Christopher Crawford,5389163941519,rodriguezderek@example.com
CUST_1614,Anna Drake,5832334537308,
CUST_1615,Eric Meyer,3999150917803,pcooke@example.net
CUST_1616,Laura Reed,abc123,bnguyen@example.org
CUST_1617,,1055731466657,jessicamcneil@example.net
CUST_1618,Cynthia Andrews,abc123,tle@example.net
CUST_1619,,6752915748952,tylerbennett@example.net
CUST_1620,Crystal Baker,1689523473924,williswilliam@example.net
CUST_1621,,1569922703139,joelreed@example.com
CUST_1622,Brittany Diaz,9690664811235,hmartin@example.net
CUST_1623,Michael Lopez,2009944974374,alvareznancy@example.org
CUST_1624,Jessica Bowman,3054914121417,james60@example.net
CUST_1625,Joyce Rodriguez,4178927950625,evansebony@example.org
CUST_1626,Debra Jimenez,0675636696970,
CUST_1627,David Mitchell,abc123,
CUST_1628,,4267106828626,rileyrachel@example.net
CUST_1629,Kathryn Miller,0671418997687,sbrown@example.org
CUST_1630,Melissa Cole,1820775358291,petersonlinda@example.com
CUST_1631,,8696991370983,mcdonaldsteven@example.org
CUST_1632,Michelle Ingram,6279171121338,jillian05@example.net
CUST_1633,Robin Heath,5715315371785,kelly51@example.org
CUST_1634,Debra Landry,8920784436743,cynthia49@example.org
CUST_1635,,3933227987201,gary99@example.com
CUST_1636,Dillon Young,9021558149739,xlowery@example.com
CUST_1637,Deanna Oneal,5552494168605,tmartinez@example.com
CUST_1638,,7954659988689,rogersdebra@example.org
CUST_1639,Mr. Ryan Young,7351525001644,melendezkathryn@example.net
CUST_1640,Joseph Mitchell,2215443040529,westelizabeth@example.org
CUST_1641,Tim Lopez,3755330944827,jamesclarke@example.org
CUST_1642,Bradley Gray,8894156785045,wrightdebra@example.com
CUST_1643,Christy Morrison,abc123,kelly53@example.org
CUST_1644,Dennis Lewis,1477725552174,tammy78@example.org
CUST_1645,,0298810897287,
CUST_1646,Elaine Reeves,2037130435059,wdavis@example.net
CUST_1647,Taylor Wells,abc123,susanjohnson@example.com
CUST_1648,Juan Dennis,0538479940270,mark79@example.com
CUST_1649,,4066770283045,cherrykatie@example.org
CUST_1650,Brianna Hernandez,5747769104623,johnrobles@example.com
CUST_1651,,5923564657633,ayershailey@example.net
CUST_1652,Jeremy Cohen,abc123,whitemichael@example.org
CUST_1653,Mark Harris,9770582362274,ypope@example.com
CUST_1654,,4944367255768,pachecoamy@example.com
CUST_1655,Angela Brooks,abc123,mitchellmatthew@example.org
CUST_1656,Judith Wilcox,7251246211292,erica67@example.org
CUST_1657,John Howard,8202617290587,
CUST_1658,,5822818497521,davisbradley@example.net
CUST_1659,Michael Salinas,8040373866283,nharris@example.com
CUST_1660,Pamela Morris,2195005509172,vazquezedward@example.org
CUST_1661,Andrew Morales,7478738166198,michelle37@example.net
CUST_1662,Amy Mendoza,8473986227388,bradleyporter@example.com
CUST_1663,Lance Crawford,6975492782999,frazieramber@example.com
CUST_1664,Paul Sullivan,5295266666780,jonathangarza@example.org
CUST_1665,Anthony Jackson,4894685329674,vjohnson@example.org
CUST_1666,Justin Green,5806952418346,nraymond@example.net
CUST_1667,Ashley Kerr,6058445090535,castrotodd@example.com
CUST_1668,Eric Padilla,abc123,aprilford@example.org
CUST_1669,,6350937907211,stacy76@example.com
CUST_1670,Stephanie Simmons,7928574644320,cobbrichard@example.net
CUST_1671,Margaret Evans,9230262137411,qturner@example.com
CUST_1672,Lauren Anderson,2839636344448,pscott@example.com
CUST_1673,Tamara Gordon,2049417232919,roachjames@example.com
CUST_1674,Charles Hooper,4746246129946,rubenjones@example.com
CUST_1675,,3087988118118,
CUST_1676,Eric Pena,0911312157393,
CUST_1677,Crystal Wilkerson,abc123,sandrabarnett@example.net
CUST_1678,Mr. Travis Williams,3080254970578,hjohnson@example.net
CUST_1679,Pamela Williamson PhD,5474204189925,
CUST_1680,Christina Dillon,4870794007370,greenadam@example.net
CUST_1681,Antonio Carlson,5423746602584,qgay@example.com
CUST_1682,April Wilson,8910721312698,bryan12@example.com
CUST_1683,Jennifer Watson,8169833781005,hessjennifer@example.com
CUST_1684,James Taylor,abc123,
CUST_1685,Walter Stevens,4921609372673,joshua51@example.org
CUST_1686,Jacqueline Butler,0047360743191,zmorgan@example.com
CUST_1687,Jonathan Robinson,9766325137799,pamela28@example.net
CUST_1688,Carrie Johnson,3523149423726,sullivanmarc@example.org
CUST_1689,Christine Perkins,4501847212116,kjones@example.org
CUST_1690,Wanda Schroeder,5928645174335,shelbyrivers@example.com
CUST_1691,Amanda Johnson,7567078017426,david06@example.net
CUST_1692,Cynthia Ryan,2351765044525,martinezmichelle@example.net
CUST_1693,John Bentley,abc123,
CUST_1694,Catherine Woods,6640694777478,heather80@example.com
CUST_1695,Michelle Brown,9830670730568,harveyalexis@example.org
CUST_1696,Brian Stewart,abc123,
CUST_1697,Erin Fuller,abc123,
CUST_1698,Sharon Brooks,3765065472708,rmcknight@example.com
CUST_1699,Dorothy Sandoval,abc123,williamvelasquez@example.org
CUST_1700,Jessica Rodriguez,abc123,brittanycollins@example.com
CUST_1701,Courtney Fox,1759979521696,rthompson@example.net
CUST_1702,Martha Chavez,6586179555402,vwilson@example.org
CUST_1703,,0027918201142,lwolf@example.org
CUST_1704,,abc123,udavila@example.net
CUST_1705,Maria Carter,9255217969425,kcummings@example.org
CUST_1706,Teresa Reed,8975984103567,chernandez@example.org
CUST_1707,Mary Brewer,3728030131686,andreabaldwin@example.com
CUST_1708,Daniel Moreno,9938712741701,stephaniemiller@example.com
CUST_1709,Richard Romero,1727365970169,dereksullivan@example.org
CUST_1710,Matthew Pitts,abc123,valeriecampbell@example.net
CUST_1711,David Barrett,4363492898866,davistommy@example.com
CUST_1712,Robert Fisher,5999726429460,
CUST_1713,Nathaniel James,abc123,jon47@example.net
CUST_1714,Jordan Casey,4695822660000,valeriewheeler@example.org
CUST_1715,,1851505437419,wardabigail@example.com
CUST_1716,Robert Rosales,9600319469709,
CUST_1717,Chelsea Medina,5337321359175,alicia28@example.net
CUST_1718,Carlos Frazier,5146783654146,jeremy39@example.org
CUST_1719,Sara Roberts,7369841785032,spencerdennis@example.com
CUST_1720,Sierra Vargas,5794481457108,ryan01@example.com
CUST_1721,Holly Martin,abc123,mcollins@example.com
CUST_1722,Michael Chan,7043782000752,robertcruz@example.net
CUST_1723,Michael Carter,abc123,sara78@example.org
CUST_1724,Charles Garcia,4256447898370,briggsjohn@example.com
CUST_1725,Courtney Berg,0578835762297,richardsonronald@example.net
CUST_1726,Jason Duffy,9704531121964,lesliefields@example.com
CUST_1727,Hunter Boyd,1960544620325,emilyrubio@example.com
CUST_1728,Angela Gallagher,7351574937753,vickiestokes@example.net
CUST_1729,,0741814638473,
CUST_1730,Stephanie Moss,6032295807178,wmullen@example.org
CUST_1731,Holly Sampson,8135212063232,catherinerobinson@example.net
CUST_1732,Elizabeth Christensen,1991850561005,jason31@example.com
CUST_1733,,6233666501272,brentjones@example.net
CUST_1734,Marie Bernard,3923444799735,bakermichael@example.com
CUST_1735,Christopher Gomez DDS,0513250616947,nfrye@example.org
CUST_1736,Sarah Ortiz,5201306590224,catherine90@example.net
CUST_1737,Luke Graham,3420890413083,cassandra38@example.com
CUST_1738,Christopher Castro,9619442878142,joshua64@example.com
CUST_1739,Joel Salinas,5683867582929,michael70@example.com
CUST_1740,Robert Garrison,6759939482486,wtrevino@example.com
CUST_1741,Amber Brown,0397513528988,
CUST_1742,Aaron Brown,9485364095894,ronald05@example.net
CUST_1743,Joann Drake,abc123,toddtroy@example.net
CUST_1744,,abc123,campbellrichard@example.net
CUST_1745,Joseph Price,5106384852631,fking@example.org
CUST_1746,Alan Osborne,abc123,sarah90@example.com
CUST_1747,Robert Horton,0003357701663,
CUST_1748,,1320451410472,taylortaylor@example.net
CUST_1749,Anita Murillo,9143995123741,tiffany49@example.net
CUST_1750,Sarah Reyes,1732201467938,morenolisa@example.com
CUST_1751,Katrina Green,abc123,hjenkins@example.com
CUST_1752,Alexandra Butler,5870316953459,rclark@example.net
CUST_1753,Katelyn Anderson,7929498299003,marcmoore@example.com
CUST_1754,Victor Curtis,6324596995550,ahorton@example.com
CUST_1755,,abc123,millernicole@example.org
CUST_1756,Suzanne Taylor,2730201239722,vromero@example.net
CUST_1757,,5670984065621,jennifer81@example.net
CUST_1758,Taylor Baker MD,4566236797551,hsalazar@example.org
CUST_1759,Vanessa Shelton,7127537469392,nfranklin@example.net
CUST_1760,Larry Carpenter,5512253413358,fordpaul@example.org
CUST_1761,Crystal Patel,7233237127652,blake30@example.com
CUST_1762,Mr. Kyle Higgins,8939324885425,ryan29@example.com
CUST_1763,Christopher Moore,1837202685173,derek22@example.com
CUST_1764,David Cochran,8582615800226,
CUST_1765,David Moore,3426802472041,uboyle@example.com
CUST_1766,Kathleen Williamson,7061826522825,johnsonkeith@example.com
CUST_1767,Ryan Davis,abc123,xfarrell@example.org
CUST_1768,Jennifer Black,5357693132600,gavin90@example.org
CUST_1769,Amber Benjamin,3274179375337,
CUST_1770,Kristi Johnson,abc123,alvarezjoel@example.net
CUST_1771,Robin Bolton,0121469634939,randall25@example.net
CUST_1772,Kevin Middleton,0551940456257,carlos83@example.com
CUST_1773,Ashley Shaw,7836575833979,reyesrichard@example.net
CUST_1774,Chad Bowman,3564385068425,charleneroberson@example.net
CUST_1775,Richard Bonilla,1700789049173,lmorgan@example.com
CUST_1776,Brandon Scott,3536903686343,bandrews@example.org
CUST_1777,Nathan Johnson,4643351306438,
CUST_1778,Mark Flores,1014977206115,vincentjames@example.org
CUST_1779,Katherine Williams,0798440636383,paynepaul@example.com
CUST_1780,Kelly Padilla,0367986009045,drodriguez@example.org
CUST_1781,Brittany Scott,6782418584255,wrightdavid@example.com
CUST_1782,Andrew Stevens,abc123,jennifermartin@example.org
CUST_1783,Laura Riley,7877033625106,
CUST_1784,David Hernandez,0022798106528,millerhaley@example.net
CUST_1785,James Bryan,5948673813116,
CUST_1786,Nicole Kennedy,0521054423157,crystalmayer@example.com
CUST_1787,Jennifer Arnold,4175349731554,levinestacy@example.com
CUST_1788,Oscar Spencer,6494767882457,lsmith@example.org
CUST_1789,,9291456260653,xruiz@example.com
CUST_1790,Kevin Morrison,2055820395189,morrisvalerie@example.org
CUST_1791,Jonathan Zimmerman,4981369307388,lpearson@example.org
CUST_1792,Brandon Rhodes,6162977925485,james94@example.org
CUST_1793,James Rowland,5313542683227,dparker@example.com
CUST_1794,Jeffrey Wilson,3215312122053,jason09@example.com
CUST_1795,Aaron Oconnor,1916898752775,victoria14@example.com
CUST_1796,Mary Pham,1733635920399,jwhite@example.net
CUST_1797,Pamela French,6570727568365,dustin91@example.com
CUST_1798,Victoria Lee,6557389785574,ecarter@example.org
CUST_1799,,1776060277854,albertscott@example.org
CUST_1800,Jonathan Wilcox,3239631291966,torrespeter@example.org
